Date,Year,Quarter,Month,MonthName,MonthShort,Day,Weekday
2024-01-01,2024,Q1,1,January,Jan,1,Monday
2024-01-02,2024,Q1,1,January,Jan,2,Tuesday
2024-01-03,2024,Q1,1,January,Jan,3,Wednesday
2024-01-04,2024,Q1,1,January,Jan,4,Thursday
2024-01-05,2024,Q1,1,January,Jan,5,Friday
2024-01-06,2024,Q1,1,January,Jan,6,Saturday
2024-01-07,2024,Q1,1,January,Jan,7,Sunday
2024-01-08,2024,Q1,1,January,Jan,8,Monday
2024-01-09,2024,Q1,1,January,Jan,9,Tuesday
2024-01-10,2024,Q1,1,January,Jan,10,Wednesday
2024-01-11,2024,Q1,1,January,Jan,11,Thursday
2024-01-12,2024,Q1,1,January,Jan,12,Friday
2024-01-13,2024,Q1,1,January,Jan,13,Saturday
2024-01-14,2024,Q1,1,January,Jan,14,Sunday
2024-01-15,2024,Q1,1,January,Jan,15,Monday
2024-01-16,2024,Q1,1,January,Jan,16,Tuesday
2024-01-17,2024,Q1,1,January,Jan,17,Wednesday
2024-01-18,2024,Q1,1,January,Jan,18,Thursday
2024-01-19,2024,Q1,1,January,Jan,19,Friday
2024-01-20,2024,Q1,1,January,Jan,20,Saturday
2024-01-21,2024,Q1,1,January,Jan,21,Sunday
2024-01-22,2024,Q1,1,January,Jan,22,Monday
2024-01-23,2024,Q1,1,January,Jan,23,Tuesday
2024-01-24,2024,Q1,1,January,Jan,24,Wednesday
2024-01-25,2024,Q1,1,January,Jan,25,Thursday
2024-01-26,2024,Q1,1,January,Jan,26,Friday
2024-01-27,2024,Q1,1,January,Jan,27,Saturday
2024-01-28,2024,Q1,1,January,Jan,28,Sunday
2024-01-29,2024,Q1,1,January,Jan,29,Monday
2024-01-30,2024,Q1,1,January,Jan,30,Tuesday
2024-01-31,2024,Q1,1,January,Jan,31,Wednesday
2024-02-01,2024,Q1,2,February,Feb,1,Thursday
2024-02-02,2024,Q1,2,February,Feb,2,Friday
2024-02-03,2024,Q1,2,February,Feb,3,Saturday
2024-02-04,2024,Q1,2,February,Feb,4,Sunday
2024-02-05,2024,Q1,2,February,Feb,5,Monday
2024-02-06,2024,Q1,2,February,Feb,6,Tuesday
2024-02-07,2024,Q1,2,February,Feb,7,Wednesday
2024-02-08,2024,Q1,2,February,Feb,8,Thursday
2024-02-09,2024,Q1,2,February,Feb,9,Friday
2024-02-10,2024,Q1,2,February,Feb,10,Saturday
2024-02-11,2024,Q1,2,February,Feb,11,Sunday
2024-02-12,2024,Q1,2,February,Feb,12,Monday
2024-02-13,2024,Q1,2,February,Feb,13,Tuesday
2024-02-14,2024,Q1,2,February,Feb,14,Wednesday
2024-02-15,2024,Q1,2,February,Feb,15,Thursday
2024-02-16,2024,Q1,2,February,Feb,16,Friday
2024-02-17,2024,Q1,2,February,Feb,17,Saturday
2024-02-18,2024,Q1,2,February,Feb,18,Sunday
2024-02-19,2024,Q1,2,February,Feb,19,Monday
2024-02-20,2024,Q1,2,February,Feb,20,Tuesday
2024-02-21,2024,Q1,2,February,Feb,21,Wednesday
2024-02-22,2024,Q1,2,February,Feb,22,Thursday
2024-02-23,2024,Q1,2,February,Feb,23,Friday
2024-02-24,2024,Q1,2,February,Feb,24,Saturday
2024-02-25,2024,Q1,2,February,Feb,25,Sunday
2024-02-26,2024,Q1,2,February,Feb,26,Monday
2024-02-27,2024,Q1,2,February,Feb,27,Tuesday
2024-02-28,2024,Q1,2,February,Feb,28,Wednesday
2024-02-29,2024,Q1,2,February,Feb,29,Thursday
2024-03-01,2024,Q1,3,March,Mar,1,Friday
2024-03-02,2024,Q1,3,March,Mar,2,Saturday
2024-03-03,2024,Q1,3,March,Mar,3,Sunday
2024-03-04,2024,Q1,3,March,Mar,4,Monday
2024-03-05,2024,Q1,3,March,Mar,5,Tuesday
2024-03-06,2024,Q1,3,March,Mar,6,Wednesday
2024-03-07,2024,Q1,3,March,Mar,7,Thursday
2024-03-08,2024,Q1,3,March,Mar,8,Friday
2024-03-09,2024,Q1,3,March,Mar,9,Saturday
2024-03-10,2024,Q1,3,March,Mar,10,Sunday
2024-03-11,2024,Q1,3,March,Mar,11,Monday
2024-03-12,2024,Q1,3,March,Mar,12,Tuesday
2024-03-13,2024,Q1,3,March,Mar,13,Wednesday
2024-03-14,2024,Q1,3,March,Mar,14,Thursday
2024-03-15,2024,Q1,3,March,Mar,15,Friday
2024-03-16,2024,Q1,3,March,Mar,16,Saturday
2024-03-17,2024,Q1,3,March,Mar,17,Sunday
2024-03-18,2024,Q1,3,March,Mar,18,Monday
2024-03-19,2024,Q1,3,March,Mar,19,Tuesday
2024-03-20,2024,Q1,3,March,Mar,20,Wednesday
2024-03-21,2024,Q1,3,March,Mar,21,Thursday
2024-03-22,2024,Q1,3,March,Mar,22,Friday
2024-03-23,2024,Q1,3,March,Mar,23,Saturday
2024-03-24,2024,Q1,3,March,Mar,24,Sunday
2024-03-25,2024,Q1,3,March,Mar,25,Monday
2024-03-26,2024,Q1,3,March,Mar,26,Tuesday
2024-03-27,2024,Q1,3,March,Mar,27,Wednesday
2024-03-28,2024,Q1,3,March,Mar,28,Thursday
2024-03-29,2024,Q1,3,March,Mar,29,Friday
2024-03-30,2024,Q1,3,March,Mar,30,Saturday
2024-03-31,2024,Q1,3,March,Mar,31,Sunday
2024-04-01,2024,Q2,4,April,Apr,1,Monday
2024-04-02,2024,Q2,4,April,Apr,2,Tuesday
2024-04-03,2024,Q2,4,April,Apr,3,Wednesday
2024-04-04,2024,Q2,4,April,Apr,4,Thursday
2024-04-05,2024,Q2,4,April,Apr,5,Friday
2024-04-06,2024,Q2,4,April,Apr,6,Saturday
2024-04-07,2024,Q2,4,April,Apr,7,Sunday
2024-04-08,2024,Q2,4,April,Apr,8,Monday
2024-04-09,2024,Q2,4,April,Apr,9,Tuesday
2024-04-10,2024,Q2,4,April,Apr,10,Wednesday
2024-04-11,2024,Q2,4,April,Apr,11,Thursday
2024-04-12,2024,Q2,4,April,Apr,12,Friday
2024-04-13,2024,Q2,4,April,Apr,13,Saturday
2024-04-14,2024,Q2,4,April,Apr,14,Sunday
2024-04-15,2024,Q2,4,April,Apr,15,Monday
2024-04-16,2024,Q2,4,April,Apr,16,Tuesday
2024-04-17,2024,Q2,4,April,Apr,17,Wednesday
2024-04-18,2024,Q2,4,April,Apr,18,Thursday
2024-04-19,2024,Q2,4,April,Apr,19,Friday
2024-04-20,2024,Q2,4,April,Apr,20,Saturday
2024-04-21,2024,Q2,4,April,Apr,21,Sunday
2024-04-22,2024,Q2,4,April,Apr,22,Monday
2024-04-23,2024,Q2,4,April,Apr,23,Tuesday
2024-04-24,2024,Q2,4,April,Apr,24,Wednesday
2024-04-25,2024,Q2,4,April,Apr,25,Thursday
2024-04-26,2024,Q2,4,April,Apr,26,Friday
2024-04-27,2024,Q2,4,April,Apr,27,Saturday
2024-04-28,2024,Q2,4,April,Apr,28,Sunday
2024-04-29,2024,Q2,4,April,Apr,29,Monday
2024-04-30,2024,Q2,4,April,Apr,30,Tuesday
2024-05-01,2024,Q2,5,May,May,1,Wednesday
2024-05-02,2024,Q2,5,May,May,2,Thursday
2024-05-03,2024,Q2,5,May,May,3,Friday
2024-05-04,2024,Q2,5,May,May,4,Saturday
2024-05-05,2024,Q2,5,May,May,5,Sunday
2024-05-06,2024,Q2,5,May,May,6,Monday
2024-05-07,2024,Q2,5,May,May,7,Tuesday
2024-05-08,2024,Q2,5,May,May,8,Wednesday
2024-05-09,2024,Q2,5,May,May,9,Thursday
2024-05-10,2024,Q2,5,May,May,10,Friday
2024-05-11,2024,Q2,5,May,May,11,Saturday
2024-05-12,2024,Q2,5,May,May,12,Sunday
2024-05-13,2024,Q2,5,May,May,13,Monday
2024-05-14,2024,Q2,5,May,May,14,Tuesday
2024-05-15,2024,Q2,5,May,May,15,Wednesday
2024-05-16,2024,Q2,5,May,May,16,Thursday
2024-05-17,2024,Q2,5,May,May,17,Friday
2024-05-18,2024,Q2,5,May,May,18,Saturday
2024-05-19,2024,Q2,5,May,May,19,Sunday
2024-05-20,2024,Q2,5,May,May,20,Monday
2024-05-21,2024,Q2,5,May,May,21,Tuesday
2024-05-22,2024,Q2,5,May,May,22,Wednesday
2024-05-23,2024,Q2,5,May,May,23,Thursday
2024-05-24,2024,Q2,5,May,May,24,Friday
2024-05-25,2024,Q2,5,May,May,25,Saturday
2024-05-26,2024,Q2,5,May,May,26,Sunday
2024-05-27,2024,Q2,5,May,May,27,Monday
2024-05-28,2024,Q2,5,May,May,28,Tuesday
2024-05-29,2024,Q2,5,May,May,29,Wednesday
2024-05-30,2024,Q2,5,May,May,30,Thursday
2024-05-31,2024,Q2,5,May,May,31,Friday
2024-06-01,2024,Q2,6,June,Jun,1,Saturday
2024-06-02,2024,Q2,6,June,Jun,2,Sunday
2024-06-03,2024,Q2,6,June,Jun,3,Monday
2024-06-04,2024,Q2,6,June,Jun,4,Tuesday
2024-06-05,2024,Q2,6,June,Jun,5,Wednesday
2024-06-06,2024,Q2,6,June,Jun,6,Thursday
2024-06-07,2024,Q2,6,June,Jun,7,Friday
2024-06-08,2024,Q2,6,June,Jun,8,Saturday
2024-06-09,2024,Q2,6,June,Jun,9,Sunday
2024-06-10,2024,Q2,6,June,Jun,10,Monday
2024-06-11,2024,Q2,6,June,Jun,11,Tuesday
2024-06-12,2024,Q2,6,June,Jun,12,Wednesday
2024-06-13,2024,Q2,6,June,Jun,13,Thursday
2024-06-14,2024,Q2,6,June,Jun,14,Friday
2024-06-15,2024,Q2,6,June,Jun,15,Saturday
2024-06-16,2024,Q2,6,June,Jun,16,Sunday
2024-06-17,2024,Q2,6,June,Jun,17,Monday
2024-06-18,2024,Q2,6,June,Jun,18,Tuesday
2024-06-19,2024,Q2,6,June,Jun,19,Wednesday
2024-06-20,2024,Q2,6,June,Jun,20,Thursday
2024-06-21,2024,Q2,6,June,Jun,21,Friday
2024-06-22,2024,Q2,6,June,Jun,22,Saturday
2024-06-23,2024,Q2,6,June,Jun,23,Sunday
2024-06-24,2024,Q2,6,June,Jun,24,Monday
2024-06-25,2024,Q2,6,June,Jun,25,Tuesday
2024-06-26,2024,Q2,6,June,Jun,26,Wednesday
2024-06-27,2024,Q2,6,June,Jun,27,Thursday
2024-06-28,2024,Q2,6,June,Jun,28,Friday
2024-06-29,2024,Q2,6,June,Jun,29,Saturday
2024-06-30,2024,Q2,6,June,Jun,30,Sunday
2024-07-01,2024,Q3,7,July,Jul,1,Monday
2024-07-02,2024,Q3,7,July,Jul,2,Tuesday
2024-07-03,2024,Q3,7,July,Jul,3,Wednesday
2024-07-04,2024,Q3,7,July,Jul,4,Thursday
2024-07-05,2024,Q3,7,July,Jul,5,Friday
2024-07-06,2024,Q3,7,July,Jul,6,Saturday
2024-07-07,2024,Q3,7,July,Jul,7,Sunday
2024-07-08,2024,Q3,7,July,Jul,8,Monday
2024-07-09,2024,Q3,7,July,Jul,9,Tuesday
2024-07-10,2024,Q3,7,July,Jul,10,Wednesday
2024-07-11,2024,Q3,7,July,Jul,11,Thursday
2024-07-12,2024,Q3,7,July,Jul,12,Friday
2024-07-13,2024,Q3,7,July,Jul,13,Saturday
2024-07-14,2024,Q3,7,July,Jul,14,Sunday
2024-07-15,2024,Q3,7,July,Jul,15,Monday
2024-07-16,2024,Q3,7,July,Jul,16,Tuesday
2024-07-17,2024,Q3,7,July,Jul,17,Wednesday
2024-07-18,2024,Q3,7,July,Jul,18,Thursday
2024-07-19,2024,Q3,7,July,Jul,19,Friday
2024-07-20,2024,Q3,7,July,Jul,20,Saturday
2024-07-21,2024,Q3,7,July,Jul,21,Sunday
2024-07-22,2024,Q3,7,July,Jul,22,Monday
2024-07-23,2024,Q3,7,July,Jul,23,Tuesday
2024-07-24,2024,Q3,7,July,Jul,24,Wednesday
2024-07-25,2024,Q3,7,July,Jul,25,Thursday
2024-07-26,2024,Q3,7,July,Jul,26,Friday
2024-07-27,2024,Q3,7,July,Jul,27,Saturday
2024-07-28,2024,Q3,7,July,Jul,28,Sunday
2024-07-29,2024,Q3,7,July,Jul,29,Monday
2024-07-30,2024,Q3,7,July,Jul,30,Tuesday
2024-07-31,2024,Q3,7,July,Jul,31,Wednesday
2024-08-01,2024,Q3,8,August,Aug,1,Thursday
2024-08-02,2024,Q3,8,August,Aug,2,Friday
2024-08-03,2024,Q3,8,August,Aug,3,Saturday
2024-08-04,2024,Q3,8,August,Aug,4,Sunday
2024-08-05,2024,Q3,8,August,Aug,5,Monday
2024-08-06,2024,Q3,8,August,Aug,6,Tuesday
2024-08-07,2024,Q3,8,August,Aug,7,Wednesday
2024-08-08,2024,Q3,8,August,Aug,8,Thursday
2024-08-09,2024,Q3,8,August,Aug,9,Friday
2024-08-10,2024,Q3,8,August,Aug,10,Saturday
2024-08-11,2024,Q3,8,August,Aug,11,Sunday
2024-08-12,2024,Q3,8,August,Aug,12,Monday
2024-08-13,2024,Q3,8,August,Aug,13,Tuesday
2024-08-14,2024,Q3,8,August,Aug,14,Wednesday
2024-08-15,2024,Q3,8,August,Aug,15,Thursday
2024-08-16,2024,Q3,8,August,Aug,16,Friday
2024-08-17,2024,Q3,8,August,Aug,17,Saturday
2024-08-18,2024,Q3,8,August,Aug,18,Sunday
2024-08-19,2024,Q3,8,August,Aug,19,Monday
2024-08-20,2024,Q3,8,August,Aug,20,Tuesday
2024-08-21,2024,Q3,8,August,Aug,21,Wednesday
2024-08-22,2024,Q3,8,August,Aug,22,Thursday
2024-08-23,2024,Q3,8,August,Aug,23,Friday
2024-08-24,2024,Q3,8,August,Aug,24,Saturday
2024-08-25,2024,Q3,8,August,Aug,25,Sunday
2024-08-26,2024,Q3,8,August,Aug,26,Monday
2024-08-27,2024,Q3,8,August,Aug,27,Tuesday
2024-08-28,2024,Q3,8,August,Aug,28,Wednesday
2024-08-29,2024,Q3,8,August,Aug,29,Thursday
2024-08-30,2024,Q3,8,August,Aug,30,Friday
2024-08-31,2024,Q3,8,August,Aug,31,Saturday
2024-09-01,2024,Q3,9,September,Sep,1,Sunday
2024-09-02,2024,Q3,9,September,Sep,2,Monday
2024-09-03,2024,Q3,9,September,Sep,3,Tuesday
2024-09-04,2024,Q3,9,September,Sep,4,Wednesday
2024-09-05,2024,Q3,9,September,Sep,5,Thursday
2024-09-06,2024,Q3,9,September,Sep,6,Friday
2024-09-07,2024,Q3,9,September,Sep,7,Saturday
2024-09-08,2024,Q3,9,September,Sep,8,Sunday
2024-09-09,2024,Q3,9,September,Sep,9,Monday
2024-09-10,2024,Q3,9,September,Sep,10,Tuesday
2024-09-11,2024,Q3,9,September,Sep,11,Wednesday
2024-09-12,2024,Q3,9,September,Sep,12,Thursday
2024-09-13,2024,Q3,9,September,Sep,13,Friday
2024-09-14,2024,Q3,9,September,Sep,14,Saturday
2024-09-15,2024,Q3,9,September,Sep,15,Sunday
2024-09-16,2024,Q3,9,September,Sep,16,Monday
2024-09-17,2024,Q3,9,September,Sep,17,Tuesday
2024-09-18,2024,Q3,9,September,Sep,18,Wednesday
2024-09-19,2024,Q3,9,September,Sep,19,Thursday
2024-09-20,2024,Q3,9,September,Sep,20,Friday
2024-09-21,2024,Q3,9,September,Sep,21,Saturday
2024-09-22,2024,Q3,9,September,Sep,22,Sunday
2024-09-23,2024,Q3,9,September,Sep,23,Monday
2024-09-24,2024,Q3,9,September,Sep,24,Tuesday
2024-09-25,2024,Q3,9,September,Sep,25,Wednesday
2024-09-26,2024,Q3,9,September,Sep,26,Thursday
2024-09-27,2024,Q3,9,September,Sep,27,Friday
2024-09-28,2024,Q3,9,September,Sep,28,Saturday
2024-09-29,2024,Q3,9,September,Sep,29,Sunday
2024-09-30,2024,Q3,9,September,Sep,30,Monday
2024-10-01,2024,Q4,10,October,Oct,1,Tuesday
2024-10-02,2024,Q4,10,October,Oct,2,Wednesday
2024-10-03,2024,Q4,10,October,Oct,3,Thursday
2024-10-04,2024,Q4,10,October,Oct,4,Friday
2024-10-05,2024,Q4,10,October,Oct,5,Saturday
2024-10-06,2024,Q4,10,October,Oct,6,Sunday
2024-10-07,2024,Q4,10,October,Oct,7,Monday
2024-10-08,2024,Q4,10,October,Oct,8,Tuesday
2024-10-09,2024,Q4,10,October,Oct,9,Wednesday
2024-10-10,2024,Q4,10,October,Oct,10,Thursday
2024-10-11,2024,Q4,10,October,Oct,11,Friday
2024-10-12,2024,Q4,10,October,Oct,12,Saturday
2024-10-13,2024,Q4,10,October,Oct,13,Sunday
2024-10-14,2024,Q4,10,October,Oct,14,Monday
2024-10-15,2024,Q4,10,October,Oct,15,Tuesday
2024-10-16,2024,Q4,10,October,Oct,16,Wednesday
2024-10-17,2024,Q4,10,October,Oct,17,Thursday
2024-10-18,2024,Q4,10,October,Oct,18,Friday
2024-10-19,2024,Q4,10,October,Oct,19,Saturday
2024-10-20,2024,Q4,10,October,Oct,20,Sunday
2024-10-21,2024,Q4,10,October,Oct,21,Monday
2024-10-22,2024,Q4,10,October,Oct,22,Tuesday
2024-10-23,2024,Q4,10,October,Oct,23,Wednesday
2024-10-24,2024,Q4,10,October,Oct,24,Thursday
2024-10-25,2024,Q4,10,October,Oct,25,Friday
2024-10-26,2024,Q4,10,October,Oct,26,Saturday
2024-10-27,2024,Q4,10,October,Oct,27,Sunday
2024-10-28,2024,Q4,10,October,Oct,28,Monday
2024-10-29,2024,Q4,10,October,Oct,29,Tuesday
2024-10-30,2024,Q4,10,October,Oct,30,Wednesday
2024-10-31,2024,Q4,10,October,Oct,31,Thursday
2024-11-01,2024,Q4,11,November,Nov,1,Friday
2024-11-02,2024,Q4,11,November,Nov,2,Saturday
2024-11-03,2024,Q4,11,November,Nov,3,Sunday
2024-11-04,2024,Q4,11,November,Nov,4,Monday
2024-11-05,2024,Q4,11,November,Nov,5,Tuesday
2024-11-06,2024,Q4,11,November,Nov,6,Wednesday
2024-11-07,2024,Q4,11,November,Nov,7,Thursday
2024-11-08,2024,Q4,11,November,Nov,8,Friday
2024-11-09,2024,Q4,11,November,Nov,9,Saturday
2024-11-10,2024,Q4,11,November,Nov,10,Sunday
2024-11-11,2024,Q4,11,November,Nov,11,Monday
2024-11-12,2024,Q4,11,November,Nov,12,Tuesday
2024-11-13,2024,Q4,11,November,Nov,13,Wednesday
2024-11-14,2024,Q4,11,November,Nov,14,Thursday
2024-11-15,2024,Q4,11,November,Nov,15,Friday
2024-11-16,2024,Q4,11,November,Nov,16,Saturday
2024-11-17,2024,Q4,11,November,Nov,17,Sunday
2024-11-18,2024,Q4,11,November,Nov,18,Monday
2024-11-19,2024,Q4,11,November,Nov,19,Tuesday
2024-11-20,2024,Q4,11,November,Nov,20,Wednesday
2024-11-21,2024,Q4,11,November,Nov,21,Thursday
2024-11-22,2024,Q4,11,November,Nov,22,Friday
2024-11-23,2024,Q4,11,November,Nov,23,Saturday
2024-11-24,2024,Q4,11,November,Nov,24,Sunday
2024-11-25,2024,Q4,11,November,Nov,25,Monday
2024-11-26,2024,Q4,11,November,Nov,26,Tuesday
2024-11-27,2024,Q4,11,November,Nov,27,Wednesday
2024-11-28,2024,Q4,11,November,Nov,28,Thursday
2024-11-29,2024,Q4,11,November,Nov,29,Friday
2024-11-30,2024,Q4,11,November,Nov,30,Saturday
2024-12-01,2024,Q4,12,December,Dec,1,Sunday
2024-12-02,2024,Q4,12,December,Dec,2,Monday
2024-12-03,2024,Q4,12,December,Dec,3,Tuesday
2024-12-04,2024,Q4,12,December,Dec,4,Wednesday
2024-12-05,2024,Q4,12,December,Dec,5,Thursday
2024-12-06,2024,Q4,12,December,Dec,6,Friday
2024-12-07,2024,Q4,12,December,Dec,7,Saturday
2024-12-08,2024,Q4,12,December,Dec,8,Sunday
2024-12-09,2024,Q4,12,December,Dec,9,Monday
2024-12-10,2024,Q4,12,December,Dec,10,Tuesday
2024-12-11,2024,Q4,12,December,Dec,11,Wednesday
2024-12-12,2024,Q4,12,December,Dec,12,Thursday
2024-12-13,2024,Q4,12,December,Dec,13,Friday
2024-12-14,2024,Q4,12,December,Dec,14,Saturday
2024-12-15,2024,Q4,12,December,Dec,15,Sunday
2024-12-16,2024,Q4,12,December,Dec,16,Monday
2024-12-17,2024,Q4,12,December,Dec,17,Tuesday
2024-12-18,2024,Q4,12,December,Dec,18,Wednesday
2024-12-19,2024,Q4,12,December,Dec,19,Thursday
2024-12-20,2024,Q4,12,December,Dec,20,Friday
2024-12-21,2024,Q4,12,December,Dec,21,Saturday
2024-12-22,2024,Q4,12,December,Dec,22,Sunday
2024-12-23,2024,Q4,12,December,Dec,23,Monday
2024-12-24,2024,Q4,12,December,Dec,24,Tuesday
2024-12-25,2024,Q4,12,December,Dec,25,Wednesday
2024-12-26,2024,Q4,12,December,Dec,26,Thursday
2024-12-27,2024,Q4,12,December,Dec,27,Friday
2024-12-28,2024,Q4,12,December,Dec,28,Saturday
2024-12-29,2024,Q4,12,December,Dec,29,Sunday
2024-12-30,2024,Q4,12,December,Dec,30,Monday
2024-12-31,2024,Q4,12,December,Dec,31,Tuesday
2025-01-01,2025,Q1,1,January,Jan,1,Wednesday
2025-01-02,2025,Q1,1,January,Jan,2,Thursday
2025-01-03,2025,Q1,1,January,Jan,3,Friday
2025-01-04,2025,Q1,1,January,Jan,4,Saturday
2025-01-05,2025,Q1,1,January,Jan,5,Sunday
2025-01-06,2025,Q1,1,January,Jan,6,Monday
2025-01-07,2025,Q1,1,January,Jan,7,Tuesday
2025-01-08,2025,Q1,1,January,Jan,8,Wednesday
2025-01-09,2025,Q1,1,January,Jan,9,Thursday
2025-01-10,2025,Q1,1,January,Jan,10,Friday
2025-01-11,2025,Q1,1,January,Jan,11,Saturday
2025-01-12,2025,Q1,1,January,Jan,12,Sunday
2025-01-13,2025,Q1,1,January,Jan,13,Monday
2025-01-14,2025,Q1,1,January,Jan,14,Tuesday
2025-01-15,2025,Q1,1,January,Jan,15,Wednesday
2025-01-16,2025,Q1,1,January,Jan,16,Thursday
2025-01-17,2025,Q1,1,January,Jan,17,Friday
2025-01-18,2025,Q1,1,January,Jan,18,Saturday
2025-01-19,2025,Q1,1,January,Jan,19,Sunday
2025-01-20,2025,Q1,1,January,Jan,20,Monday
2025-01-21,2025,Q1,1,January,Jan,21,Tuesday
2025-01-22,2025,Q1,1,January,Jan,22,Wednesday
2025-01-23,2025,Q1,1,January,Jan,23,Thursday
2025-01-24,2025,Q1,1,January,Jan,24,Friday
2025-01-25,2025,Q1,1,January,Jan,25,Saturday
2025-01-26,2025,Q1,1,January,Jan,26,Sunday
2025-01-27,2025,Q1,1,January,Jan,27,Monday
2025-01-28,2025,Q1,1,January,Jan,28,Tuesday
2025-01-29,2025,Q1,1,January,Jan,29,Wednesday
2025-01-30,2025,Q1,1,January,Jan,30,Thursday
2025-01-31,2025,Q1,1,January,Jan,31,Friday
2025-02-01,2025,Q1,2,February,Feb,1,Saturday
2025-02-02,2025,Q1,2,February,Feb,2,Sunday
2025-02-03,2025,Q1,2,February,Feb,3,Monday
2025-02-04,2025,Q1,2,February,Feb,4,Tuesday
2025-02-05,2025,Q1,2,February,Feb,5,Wednesday
2025-02-06,2025,Q1,2,February,Feb,6,Thursday
2025-02-07,2025,Q1,2,February,Feb,7,Friday
2025-02-08,2025,Q1,2,February,Feb,8,Saturday
2025-02-09,2025,Q1,2,February,Feb,9,Sunday
2025-02-10,2025,Q1,2,February,Feb,10,Monday
2025-02-11,2025,Q1,2,February,Feb,11,Tuesday
2025-02-12,2025,Q1,2,February,Feb,12,Wednesday
2025-02-13,2025,Q1,2,February,Feb,13,Thursday
2025-02-14,2025,Q1,2,February,Feb,14,Friday
2025-02-15,2025,Q1,2,February,Feb,15,Saturday
2025-02-16,2025,Q1,2,February,Feb,16,Sunday
2025-02-17,2025,Q1,2,February,Feb,17,Monday
2025-02-18,2025,Q1,2,February,Feb,18,Tuesday
2025-02-19,2025,Q1,2,February,Feb,19,Wednesday
2025-02-20,2025,Q1,2,February,Feb,20,Thursday
2025-02-21,2025,Q1,2,February,Feb,21,Friday
2025-02-22,2025,Q1,2,February,Feb,22,Saturday
2025-02-23,2025,Q1,2,February,Feb,23,Sunday
2025-02-24,2025,Q1,2,February,Feb,24,Monday
2025-02-25,2025,Q1,2,February,Feb,25,Tuesday
2025-02-26,2025,Q1,2,February,Feb,26,Wednesday
2025-02-27,2025,Q1,2,February,Feb,27,Thursday
2025-02-28,2025,Q1,2,February,Feb,28,Friday
2025-03-01,2025,Q1,3,March,Mar,1,Saturday
2025-03-02,2025,Q1,3,March,Mar,2,Sunday
2025-03-03,2025,Q1,3,March,Mar,3,Monday
2025-03-04,2025,Q1,3,March,Mar,4,Tuesday
2025-03-05,2025,Q1,3,March,Mar,5,Wednesday
2025-03-06,2025,Q1,3,March,Mar,6,Thursday
2025-03-07,2025,Q1,3,March,Mar,7,Friday
2025-03-08,2025,Q1,3,March,Mar,8,Saturday
2025-03-09,2025,Q1,3,March,Mar,9,Sunday
2025-03-10,2025,Q1,3,March,Mar,10,Monday
2025-03-11,2025,Q1,3,March,Mar,11,Tuesday
2025-03-12,2025,Q1,3,March,Mar,12,Wednesday
2025-03-13,2025,Q1,3,March,Mar,13,Thursday
2025-03-14,2025,Q1,3,March,Mar,14,Friday
2025-03-15,2025,Q1,3,March,Mar,15,Saturday
2025-03-16,2025,Q1,3,March,Mar,16,Sunday
2025-03-17,2025,Q1,3,March,Mar,17,Monday
2025-03-18,2025,Q1,3,March,Mar,18,Tuesday
2025-03-19,2025,Q1,3,March,Mar,19,Wednesday
2025-03-20,2025,Q1,3,March,Mar,20,Thursday
2025-03-21,2025,Q1,3,March,Mar,21,Friday
2025-03-22,2025,Q1,3,March,Mar,22,Saturday
2025-03-23,2025,Q1,3,March,Mar,23,Sunday
2025-03-24,2025,Q1,3,March,Mar,24,Monday
2025-03-25,2025,Q1,3,March,Mar,25,Tuesday
2025-03-26,2025,Q1,3,March,Mar,26,Wednesday
2025-03-27,2025,Q1,3,March,Mar,27,Thursday
2025-03-28,2025,Q1,3,March,Mar,28,Friday
2025-03-29,2025,Q1,3,March,Mar,29,Saturday
2025-03-30,2025,Q1,3,March,Mar,30,Sunday
2025-03-31,2025,Q1,3,March,Mar,31,Monday
2025-04-01,2025,Q2,4,April,Apr,1,Tuesday
2025-04-02,2025,Q2,4,April,Apr,2,Wednesday
2025-04-03,2025,Q2,4,April,Apr,3,Thursday
2025-04-04,2025,Q2,4,April,Apr,4,Friday
2025-04-05,2025,Q2,4,April,Apr,5,Saturday
2025-04-06,2025,Q2,4,April,Apr,6,Sunday
2025-04-07,2025,Q2,4,April,Apr,7,Monday
2025-04-08,2025,Q2,4,April,Apr,8,Tuesday
2025-04-09,2025,Q2,4,April,Apr,9,Wednesday
2025-04-10,2025,Q2,4,April,Apr,10,Thursday
2025-04-11,2025,Q2,4,April,Apr,11,Friday
2025-04-12,2025,Q2,4,April,Apr,12,Saturday
2025-04-13,2025,Q2,4,April,Apr,13,Sunday
2025-04-14,2025,Q2,4,April,Apr,14,Monday
2025-04-15,2025,Q2,4,April,Apr,15,Tuesday
2025-04-16,2025,Q2,4,April,Apr,16,Wednesday
2025-04-17,2025,Q2,4,April,Apr,17,Thursday
2025-04-18,2025,Q2,4,April,Apr,18,Friday
2025-04-19,2025,Q2,4,April,Apr,19,Saturday
2025-04-20,2025,Q2,4,April,Apr,20,Sunday
2025-04-21,2025,Q2,4,April,Apr,21,Monday
2025-04-22,2025,Q2,4,April,Apr,22,Tuesday
2025-04-23,2025,Q2,4,April,Apr,23,Wednesday
2025-04-24,2025,Q2,4,April,Apr,24,Thursday
2025-04-25,2025,Q2,4,April,Apr,25,Friday
2025-04-26,2025,Q2,4,April,Apr,26,Saturday
2025-04-27,2025,Q2,4,April,Apr,27,Sunday
2025-04-28,2025,Q2,4,April,Apr,28,Monday
2025-04-29,2025,Q2,4,April,Apr,29,Tuesday
2025-04-30,2025,Q2,4,April,Apr,30,Wednesday
2025-05-01,2025,Q2,5,May,May,1,Thursday
2025-05-02,2025,Q2,5,May,May,2,Friday
2025-05-03,2025,Q2,5,May,May,3,Saturday
2025-05-04,2025,Q2,5,May,May,4,Sunday
2025-05-05,2025,Q2,5,May,May,5,Monday
2025-05-06,2025,Q2,5,May,May,6,Tuesday
2025-05-07,2025,Q2,5,May,May,7,Wednesday
2025-05-08,2025,Q2,5,May,May,8,Thursday
2025-05-09,2025,Q2,5,May,May,9,Friday
2025-05-10,2025,Q2,5,May,May,10,Saturday
2025-05-11,2025,Q2,5,May,May,11,Sunday
2025-05-12,2025,Q2,5,May,May,12,Monday
2025-05-13,2025,Q2,5,May,May,13,Tuesday
2025-05-14,2025,Q2,5,May,May,14,Wednesday
2025-05-15,2025,Q2,5,May,May,15,Thursday
2025-05-16,2025,Q2,5,May,May,16,Friday
2025-05-17,2025,Q2,5,May,May,17,Saturday
2025-05-18,2025,Q2,5,May,May,18,Sunday
2025-05-19,2025,Q2,5,May,May,19,Monday
2025-05-20,2025,Q2,5,May,May,20,Tuesday
2025-05-21,2025,Q2,5,May,May,21,Wednesday
2025-05-22,2025,Q2,5,May,May,22,Thursday
2025-05-23,2025,Q2,5,May,May,23,Friday
2025-05-24,2025,Q2,5,May,May,24,Saturday
2025-05-25,2025,Q2,5,May,May,25,Sunday
2025-05-26,2025,Q2,5,May,May,26,Monday
2025-05-27,2025,Q2,5,May,May,27,Tuesday
2025-05-28,2025,Q2,5,May,May,28,Wednesday
2025-05-29,2025,Q2,5,May,May,29,Thursday
2025-05-30,2025,Q2,5,May,May,30,Friday
2025-05-31,2025,Q2,5,May,May,31,Saturday
2025-06-01,2025,Q2,6,June,Jun,1,Sunday
2025-06-02,2025,Q2,6,June,Jun,2,Monday
2025-06-03,2025,Q2,6,June,Jun,3,Tuesday
2025-06-04,2025,Q2,6,June,Jun,4,Wednesday
2025-06-05,2025,Q2,6,June,Jun,5,Thursday
2025-06-06,2025,Q2,6,June,Jun,6,Friday
2025-06-07,2025,Q2,6,June,Jun,7,Saturday
2025-06-08,2025,Q2,6,June,Jun,8,Sunday
2025-06-09,2025,Q2,6,June,Jun,9,Monday
2025-06-10,2025,Q2,6,June,Jun,10,Tuesday
2025-06-11,2025,Q2,6,June,Jun,11,Wednesday
2025-06-12,2025,Q2,6,June,Jun,12,Thursday
2025-06-13,2025,Q2,6,June,Jun,13,Friday
2025-06-14,2025,Q2,6,June,Jun,14,Saturday
2025-06-15,2025,Q2,6,June,Jun,15,Sunday
2025-06-16,2025,Q2,6,June,Jun,16,Monday
2025-06-17,2025,Q2,6,June,Jun,17,Tuesday
2025-06-18,2025,Q2,6,June,Jun,18,Wednesday
2025-06-19,2025,Q2,6,June,Jun,19,Thursday
2025-06-20,2025,Q2,6,June,Jun,20,Friday
2025-06-21,2025,Q2,6,June,Jun,21,Saturday
2025-06-22,2025,Q2,6,June,Jun,22,Sunday
2025-06-23,2025,Q2,6,June,Jun,23,Monday
2025-06-24,2025,Q2,6,June,Jun,24,Tuesday
2025-06-25,2025,Q2,6,June,Jun,25,Wednesday
2025-06-26,2025,Q2,6,June,Jun,26,Thursday
2025-06-27,2025,Q2,6,June,Jun,27,Friday
2025-06-28,2025,Q2,6,June,Jun,28,Saturday
2025-06-29,2025,Q2,6,June,Jun,29,Sunday
2025-06-30,2025,Q2,6,June,Jun,30,Monday
2025-07-01,2025,Q3,7,July,Jul,1,Tuesday
2025-07-02,2025,Q3,7,July,Jul,2,Wednesday
2025-07-03,2025,Q3,7,July,Jul,3,Thursday
2025-07-04,2025,Q3,7,July,Jul,4,Friday
2025-07-05,2025,Q3,7,July,Jul,5,Saturday
2025-07-06,2025,Q3,7,July,Jul,6,Sunday
2025-07-07,2025,Q3,7,July,Jul,7,Monday
2025-07-08,2025,Q3,7,July,Jul,8,Tuesday
2025-07-09,2025,Q3,7,July,Jul,9,Wednesday
2025-07-10,2025,Q3,7,July,Jul,10,Thursday
2025-07-11,2025,Q3,7,July,Jul,11,Friday
2025-07-12,2025,Q3,7,July,Jul,12,Saturday
2025-07-13,2025,Q3,7,July,Jul,13,Sunday
2025-07-14,2025,Q3,7,July,Jul,14,Monday
2025-07-15,2025,Q3,7,July,Jul,15,Tuesday
2025-07-16,2025,Q3,7,July,Jul,16,Wednesday
2025-07-17,2025,Q3,7,July,Jul,17,Thursday
2025-07-18,2025,Q3,7,July,Jul,18,Friday
2025-07-19,2025,Q3,7,July,Jul,19,Saturday
2025-07-20,2025,Q3,7,July,Jul,20,Sunday
2025-07-21,2025,Q3,7,July,Jul,21,Monday
2025-07-22,2025,Q3,7,July,Jul,22,Tuesday
2025-07-23,2025,Q3,7,July,Jul,23,Wednesday
2025-07-24,2025,Q3,7,July,Jul,24,Thursday
2025-07-25,2025,Q3,7,July,Jul,25,Friday
2025-07-26,2025,Q3,7,July,Jul,26,Saturday
2025-07-27,2025,Q3,7,July,Jul,27,Sunday
2025-07-28,2025,Q3,7,July,Jul,28,Monday
2025-07-29,2025,Q3,7,July,Jul,29,Tuesday
2025-07-30,2025,Q3,7,July,Jul,30,Wednesday
2025-07-31,2025,Q3,7,July,Jul,31,Thursday
2025-08-01,2025,Q3,8,August,Aug,1,Friday
2025-08-02,2025,Q3,8,August,Aug,2,Saturday
2025-08-03,2025,Q3,8,August,Aug,3,Sunday
2025-08-04,2025,Q3,8,August,Aug,4,Monday
2025-08-05,2025,Q3,8,August,Aug,5,Tuesday
2025-08-06,2025,Q3,8,August,Aug,6,Wednesday
2025-08-07,2025,Q3,8,August,Aug,7,Thursday
2025-08-08,2025,Q3,8,August,Aug,8,Friday
2025-08-09,2025,Q3,8,August,Aug,9,Saturday
2025-08-10,2025,Q3,8,August,Aug,10,Sunday
2025-08-11,2025,Q3,8,August,Aug,11,Monday
2025-08-12,2025,Q3,8,August,Aug,12,Tuesday
2025-08-13,2025,Q3,8,August,Aug,13,Wednesday
2025-08-14,2025,Q3,8,August,Aug,14,Thursday
2025-08-15,2025,Q3,8,August,Aug,15,Friday
2025-08-16,2025,Q3,8,August,Aug,16,Saturday
2025-08-17,2025,Q3,8,August,Aug,17,Sunday
2025-08-18,2025,Q3,8,August,Aug,18,Monday
2025-08-19,2025,Q3,8,August,Aug,19,Tuesday
2025-08-20,2025,Q3,8,August,Aug,20,Wednesday
2025-08-21,2025,Q3,8,August,Aug,21,Thursday
2025-08-22,2025,Q3,8,August,Aug,22,Friday
2025-08-23,2025,Q3,8,August,Aug,23,Saturday
2025-08-24,2025,Q3,8,August,Aug,24,Sunday
2025-08-25,2025,Q3,8,August,Aug,25,Monday
2025-08-26,2025,Q3,8,August,Aug,26,Tuesday
2025-08-27,2025,Q3,8,August,Aug,27,Wednesday
2025-08-28,2025,Q3,8,August,Aug,28,Thursday
2025-08-29,2025,Q3,8,August,Aug,29,Friday
2025-08-30,2025,Q3,8,August,Aug,30,Saturday
2025-08-31,2025,Q3,8,August,Aug,31,Sunday
2025-09-01,2025,Q3,9,September,Sep,1,Monday
2025-09-02,2025,Q3,9,September,Sep,2,Tuesday
2025-09-03,2025,Q3,9,September,Sep,3,Wednesday
2025-09-04,2025,Q3,9,September,Sep,4,Thursday
2025-09-05,2025,Q3,9,September,Sep,5,Friday
2025-09-06,2025,Q3,9,September,Sep,6,Saturday
2025-09-07,2025,Q3,9,September,Sep,7,Sunday
2025-09-08,2025,Q3,9,September,Sep,8,Monday
2025-09-09,2025,Q3,9,September,Sep,9,Tuesday
2025-09-10,2025,Q3,9,September,Sep,10,Wednesday
2025-09-11,2025,Q3,9,September,Sep,11,Thursday
2025-09-12,2025,Q3,9,September,Sep,12,Friday
2025-09-13,2025,Q3,9,September,Sep,13,Saturday
2025-09-14,2025,Q3,9,September,Sep,14,Sunday
2025-09-15,2025,Q3,9,September,Sep,15,Monday
2025-09-16,2025,Q3,9,September,Sep,16,Tuesday
2025-09-17,2025,Q3,9,September,Sep,17,Wednesday
2025-09-18,2025,Q3,9,September,Sep,18,Thursday
2025-09-19,2025,Q3,9,September,Sep,19,Friday
2025-09-20,2025,Q3,9,September,Sep,20,Saturday
2025-09-21,2025,Q3,9,September,Sep,21,Sunday
2025-09-22,2025,Q3,9,September,Sep,22,Monday
2025-09-23,2025,Q3,9,September,Sep,23,Tuesday
2025-09-24,2025,Q3,9,September,Sep,24,Wednesday
2025-09-25,2025,Q3,9,September,Sep,25,Thursday
2025-09-26,2025,Q3,9,September,Sep,26,Friday
2025-09-27,2025,Q3,9,September,Sep,27,Saturday
2025-09-28,2025,Q3,9,September,Sep,28,Sunday
2025-09-29,2025,Q3,9,September,Sep,29,Monday
2025-09-30,2025,Q3,9,September,Sep,30,Tuesday
2025-10-01,2025,Q4,10,October,Oct,1,Wednesday
2025-10-02,2025,Q4,10,October,Oct,2,Thursday
2025-10-03,2025,Q4,10,October,Oct,3,Friday
2025-10-04,2025,Q4,10,October,Oct,4,Saturday
2025-10-05,2025,Q4,10,October,Oct,5,Sunday
2025-10-06,2025,Q4,10,October,Oct,6,Monday
2025-10-07,2025,Q4,10,October,Oct,7,Tuesday
2025-10-08,2025,Q4,10,October,Oct,8,Wednesday
2025-10-09,2025,Q4,10,October,Oct,9,Thursday
2025-10-10,2025,Q4,10,October,Oct,10,Friday
2025-10-11,2025,Q4,10,October,Oct,11,Saturday
2025-10-12,2025,Q4,10,October,Oct,12,Sunday
2025-10-13,2025,Q4,10,October,Oct,13,Monday
2025-10-14,2025,Q4,10,October,Oct,14,Tuesday
2025-10-15,2025,Q4,10,October,Oct,15,Wednesday
2025-10-16,2025,Q4,10,October,Oct,16,Thursday
2025-10-17,2025,Q4,10,October,Oct,17,Friday
2025-10-18,2025,Q4,10,October,Oct,18,Saturday
2025-10-19,2025,Q4,10,October,Oct,19,Sunday
2025-10-20,2025,Q4,10,October,Oct,20,Monday
2025-10-21,2025,Q4,10,October,Oct,21,Tuesday
2025-10-22,2025,Q4,10,October,Oct,22,Wednesday
2025-10-23,2025,Q4,10,October,Oct,23,Thursday
2025-10-24,2025,Q4,10,October,Oct,24,Friday
2025-10-25,2025,Q4,10,October,Oct,25,Saturday
2025-10-26,2025,Q4,10,October,Oct,26,Sunday
2025-10-27,2025,Q4,10,October,Oct,27,Monday
2025-10-28,2025,Q4,10,October,Oct,28,Tuesday
2025-10-29,2025,Q4,10,October,Oct,29,Wednesday
2025-10-30,2025,Q4,10,October,Oct,30,Thursday
2025-10-31,2025,Q4,10,October,Oct,31,Friday
2025-11-01,2025,Q4,11,November,Nov,1,Saturday
2025-11-02,2025,Q4,11,November,Nov,2,Sunday
2025-11-03,2025,Q4,11,November,Nov,3,Monday
2025-11-04,2025,Q4,11,November,Nov,4,Tuesday
2025-11-05,2025,Q4,11,November,Nov,5,Wednesday
2025-11-06,2025,Q4,11,November,Nov,6,Thursday
2025-11-07,2025,Q4,11,November,Nov,7,Friday
2025-11-08,2025,Q4,11,November,Nov,8,Saturday
2025-11-09,2025,Q4,11,November,Nov,9,Sunday
2025-11-10,2025,Q4,11,November,Nov,10,Monday
2025-11-11,2025,Q4,11,November,Nov,11,Tuesday
2025-11-12,2025,Q4,11,November,Nov,12,Wednesday
2025-11-13,2025,Q4,11,November,Nov,13,Thursday
2025-11-14,2025,Q4,11,November,Nov,14,Friday
2025-11-15,2025,Q4,11,November,Nov,15,Saturday
2025-11-16,2025,Q4,11,November,Nov,16,Sunday
2025-11-17,2025,Q4,11,November,Nov,17,Monday
2025-11-18,2025,Q4,11,November,Nov,18,Tuesday
2025-11-19,2025,Q4,11,November,Nov,19,Wednesday
2025-11-20,2025,Q4,11,November,Nov,20,Thursday
2025-11-21,2025,Q4,11,November,Nov,21,Friday
2025-11-22,2025,Q4,11,November,Nov,22,Saturday
2025-11-23,2025,Q4,11,November,Nov,23,Sunday
2025-11-24,2025,Q4,11,November,Nov,24,Monday
2025-11-25,2025,Q4,11,November,Nov,25,Tuesday
2025-11-26,2025,Q4,11,November,Nov,26,Wednesday
2025-11-27,2025,Q4,11,November,Nov,27,Thursday
2025-11-28,2025,Q4,11,November,Nov,28,Friday
2025-11-29,2025,Q4,11,November,Nov,29,Saturday
2025-11-30,2025,Q4,11,November,Nov,30,Sunday
2025-12-01,2025,Q4,12,December,Dec,1,Monday
2025-12-02,2025,Q4,12,December,Dec,2,Tuesday
2025-12-03,2025,Q4,12,December,Dec,3,Wednesday
2025-12-04,2025,Q4,12,December,Dec,4,Thursday
2025-12-05,2025,Q4,12,December,Dec,5,Friday
2025-12-06,2025,Q4,12,December,Dec,6,Saturday
2025-12-07,2025,Q4,12,December,Dec,7,Sunday
2025-12-08,2025,Q4,12,December,Dec,8,Monday
2025-12-09,2025,Q4,12,December,Dec,9,Tuesday
2025-12-10,2025,Q4,12,December,Dec,10,Wednesday
2025-12-11,2025,Q4,12,December,Dec,11,Thursday
2025-12-12,2025,Q4,12,December,Dec,12,Friday
2025-12-13,2025,Q4,12,December,Dec,13,Saturday
2025-12-14,2025,Q4,12,December,Dec,14,Sunday
2025-12-15,2025,Q4,12,December,Dec,15,Monday
2025-12-16,2025,Q4,12,December,Dec,16,Tuesday
2025-12-17,2025,Q4,12,December,Dec,17,Wednesday
2025-12-18,2025,Q4,12,December,Dec,18,Thursday
2025-12-19,2025,Q4,12,December,Dec,19,Friday
2025-12-20,2025,Q4,12,December,Dec,20,Saturday
2025-12-21,2025,Q4,12,December,Dec,21,Sunday
2025-12-22,2025,Q4,12,December,Dec,22,Monday
2025-12-23,2025,Q4,12,December,Dec,23,Tuesday
2025-12-24,2025,Q4,12,December,Dec,24,Wednesday
2025-12-25,2025,Q4,12,December,Dec,25,Thursday
2025-12-26,2025,Q4,12,December,Dec,26,Friday
2025-12-27,2025,Q4,12,December,Dec,27,Saturday
2025-12-28,2025,Q4,12,December,Dec,28,Sunday
2025-12-29,2025,Q4,12,December,Dec,29,Monday
2025-12-30,2025,Q4,12,December,Dec,30,Tuesday
2025-12-31,2025,Q4,12,December,Dec,31,Wednesday
2026-01-01,2026,Q1,1,January,Jan,1,Thursday
2026-01-02,2026,Q1,1,January,Jan,2,Friday
2026-01-03,2026,Q1,1,January,Jan,3,Saturday
2026-01-04,2026,Q1,1,January,Jan,4,Sunday
2026-01-05,2026,Q1,1,January,Jan,5,Monday
2026-01-06,2026,Q1,1,January,Jan,6,Tuesday
2026-01-07,2026,Q1,1,January,Jan,7,Wednesday
2026-01-08,2026,Q1,1,January,Jan,8,Thursday
2026-01-09,2026,Q1,1,January,Jan,9,Friday
2026-01-10,2026,Q1,1,January,Jan,10,Saturday
2026-01-11,2026,Q1,1,January,Jan,11,Sunday
2026-01-12,2026,Q1,1,January,Jan,12,Monday
2026-01-13,2026,Q1,1,January,Jan,13,Tuesday
2026-01-14,2026,Q1,1,January,Jan,14,Wednesday
2026-01-15,2026,Q1,1,January,Jan,15,Thursday
2026-01-16,2026,Q1,1,January,Jan,16,Friday
2026-01-17,2026,Q1,1,January,Jan,17,Saturday
2026-01-18,2026,Q1,1,January,Jan,18,Sunday
2026-01-19,2026,Q1,1,January,Jan,19,Monday
2026-01-20,2026,Q1,1,January,Jan,20,Tuesday
2026-01-21,2026,Q1,1,January,Jan,21,Wednesday
2026-01-22,2026,Q1,1,January,Jan,22,Thursday
2026-01-23,2026,Q1,1,January,Jan,23,Friday
2026-01-24,2026,Q1,1,January,Jan,24,Saturday
2026-01-25,2026,Q1,1,January,Jan,25,Sunday
2026-01-26,2026,Q1,1,January,Jan,26,Monday
2026-01-27,2026,Q1,1,January,Jan,27,Tuesday
2026-01-28,2026,Q1,1,January,Jan,28,Wednesday
2026-01-29,2026,Q1,1,January,Jan,29,Thursday
2026-01-30,2026,Q1,1,January,Jan,30,Friday
2026-01-31,2026,Q1,1,January,Jan,31,Saturday
2026-02-01,2026,Q1,2,February,Feb,1,Sunday
2026-02-02,2026,Q1,2,February,Feb,2,Monday
2026-02-03,2026,Q1,2,February,Feb,3,Tuesday
2026-02-04,2026,Q1,2,February,Feb,4,Wednesday
2026-02-05,2026,Q1,2,February,Feb,5,Thursday
2026-02-06,2026,Q1,2,February,Feb,6,Friday
2026-02-07,2026,Q1,2,February,Feb,7,Saturday
2026-02-08,2026,Q1,2,February,Feb,8,Sunday
2026-02-09,2026,Q1,2,February,Feb,9,Monday
2026-02-10,2026,Q1,2,February,Feb,10,Tuesday
2026-02-11,2026,Q1,2,February,Feb,11,Wednesday
2026-02-12,2026,Q1,2,February,Feb,12,Thursday
2026-02-13,2026,Q1,2,February,Feb,13,Friday
2026-02-14,2026,Q1,2,February,Feb,14,Saturday
2026-02-15,2026,Q1,2,February,Feb,15,Sunday
2026-02-16,2026,Q1,2,February,Feb,16,Monday
2026-02-17,2026,Q1,2,February,Feb,17,Tuesday
2026-02-18,2026,Q1,2,February,Feb,18,Wednesday
2026-02-19,2026,Q1,2,February,Feb,19,Thursday
2026-02-20,2026,Q1,2,February,Feb,20,Friday
2026-02-21,2026,Q1,2,February,Feb,21,Saturday
2026-02-22,2026,Q1,2,February,Feb,22,Sunday
2026-02-23,2026,Q1,2,February,Feb,23,Monday
2026-02-24,2026,Q1,2,February,Feb,24,Tuesday
2026-02-25,2026,Q1,2,February,Feb,25,Wednesday
2026-02-26,2026,Q1,2,February,Feb,26,Thursday
2026-02-27,2026,Q1,2,February,Feb,27,Friday
2026-02-28,2026,Q1,2,February,Feb,28,Saturday
2026-03-01,2026,Q1,3,March,Mar,1,Sunday
2026-03-02,2026,Q1,3,March,Mar,2,Monday
2026-03-03,2026,Q1,3,March,Mar,3,Tuesday
2026-03-04,2026,Q1,3,March,Mar,4,Wednesday
2026-03-05,2026,Q1,3,March,Mar,5,Thursday
2026-03-06,2026,Q1,3,March,Mar,6,Friday
2026-03-07,2026,Q1,3,March,Mar,7,Saturday
2026-03-08,2026,Q1,3,March,Mar,8,Sunday
2026-03-09,2026,Q1,3,March,Mar,9,Monday
2026-03-10,2026,Q1,3,March,Mar,10,Tuesday
2026-03-11,2026,Q1,3,March,Mar,11,Wednesday
2026-03-12,2026,Q1,3,March,Mar,12,Thursday
2026-03-13,2026,Q1,3,March,Mar,13,Friday
2026-03-14,2026,Q1,3,March,Mar,14,Saturday
2026-03-15,2026,Q1,3,March,Mar,15,Sunday
2026-03-16,2026,Q1,3,March,Mar,16,Monday
2026-03-17,2026,Q1,3,March,Mar,17,Tuesday
2026-03-18,2026,Q1,3,March,Mar,18,Wednesday
2026-03-19,2026,Q1,3,March,Mar,19,Thursday
2026-03-20,2026,Q1,3,March,Mar,20,Friday
2026-03-21,2026,Q1,3,March,Mar,21,Saturday
2026-03-22,2026,Q1,3,March,Mar,22,Sunday
2026-03-23,2026,Q1,3,March,Mar,23,Monday
2026-03-24,2026,Q1,3,March,Mar,24,Tuesday
2026-03-25,2026,Q1,3,March,Mar,25,Wednesday
2026-03-26,2026,Q1,3,March,Mar,26,Thursday
2026-03-27,2026,Q1,3,March,Mar,27,Friday
2026-03-28,2026,Q1,3,March,Mar,28,Saturday
2026-03-29,2026,Q1,3,March,Mar,29,Sunday
2026-03-30,2026,Q1,3,March,Mar,30,Monday
2026-03-31,2026,Q1,3,March,Mar,31,Tuesday
2026-04-01,2026,Q2,4,April,Apr,1,Wednesday
2026-04-02,2026,Q2,4,April,Apr,2,Thursday
2026-04-03,2026,Q2,4,April,Apr,3,Friday
2026-04-04,2026,Q2,4,April,Apr,4,Saturday
2026-04-05,2026,Q2,4,April,Apr,5,Sunday
2026-04-06,2026,Q2,4,April,Apr,6,Monday
2026-04-07,2026,Q2,4,April,Apr,7,Tuesday
2026-04-08,2026,Q2,4,April,Apr,8,Wednesday
2026-04-09,2026,Q2,4,April,Apr,9,Thursday
2026-04-10,2026,Q2,4,April,Apr,10,Friday
2026-04-11,2026,Q2,4,April,Apr,11,Saturday
2026-04-12,2026,Q2,4,April,Apr,12,Sunday
2026-04-13,2026,Q2,4,April,Apr,13,Monday
2026-04-14,2026,Q2,4,April,Apr,14,Tuesday
2026-04-15,2026,Q2,4,April,Apr,15,Wednesday
2026-04-16,2026,Q2,4,April,Apr,16,Thursday
2026-04-17,2026,Q2,4,April,Apr,17,Friday
2026-04-18,2026,Q2,4,April,Apr,18,Saturday
2026-04-19,2026,Q2,4,April,Apr,19,Sunday
2026-04-20,2026,Q2,4,April,Apr,20,Monday
2026-04-21,2026,Q2,4,April,Apr,21,Tuesday
2026-04-22,2026,Q2,4,April,Apr,22,Wednesday
2026-04-23,2026,Q2,4,April,Apr,23,Thursday
2026-04-24,2026,Q2,4,April,Apr,24,Friday
2026-04-25,2026,Q2,4,April,Apr,25,Saturday
2026-04-26,2026,Q2,4,April,Apr,26,Sunday
2026-04-27,2026,Q2,4,April,Apr,27,Monday
2026-04-28,2026,Q2,4,April,Apr,28,Tuesday
2026-04-29,2026,Q2,4,April,Apr,29,Wednesday
2026-04-30,2026,Q2,4,April,Apr,30,Thursday
2026-05-01,2026,Q2,5,May,May,1,Friday
2026-05-02,2026,Q2,5,May,May,2,Saturday
2026-05-03,2026,Q2,5,May,May,3,Sunday
2026-05-04,2026,Q2,5,May,May,4,Monday
2026-05-05,2026,Q2,5,May,May,5,Tuesday
2026-05-06,2026,Q2,5,May,May,6,Wednesday
2026-05-07,2026,Q2,5,May,May,7,Thursday
2026-05-08,2026,Q2,5,May,May,8,Friday
2026-05-09,2026,Q2,5,May,May,9,Saturday
2026-05-10,2026,Q2,5,May,May,10,Sunday
2026-05-11,2026,Q2,5,May,May,11,Monday
2026-05-12,2026,Q2,5,May,May,12,Tuesday
2026-05-13,2026,Q2,5,May,May,13,Wednesday
2026-05-14,2026,Q2,5,May,May,14,Thursday
2026-05-15,2026,Q2,5,May,May,15,Friday
2026-05-16,2026,Q2,5,May,May,16,Saturday
2026-05-17,2026,Q2,5,May,May,17,Sunday
2026-05-18,2026,Q2,5,May,May,18,Monday
2026-05-19,2026,Q2,5,May,May,19,Tuesday
2026-05-20,2026,Q2,5,May,May,20,Wednesday
2026-05-21,2026,Q2,5,May,May,21,Thursday
2026-05-22,2026,Q2,5,May,May,22,Friday
2026-05-23,2026,Q2,5,May,May,23,Saturday
2026-05-24,2026,Q2,5,May,May,24,Sunday
2026-05-25,2026,Q2,5,May,May,25,Monday
2026-05-26,2026,Q2,5,May,May,26,Tuesday
2026-05-27,2026,Q2,5,May,May,27,Wednesday
2026-05-28,2026,Q2,5,May,May,28,Thursday
2026-05-29,2026,Q2,5,May,May,29,Friday
2026-05-30,2026,Q2,5,May,May,30,Saturday
2026-05-31,2026,Q2,5,May,May,31,Sunday
2026-06-01,2026,Q2,6,June,Jun,1,Monday
2026-06-02,2026,Q2,6,June,Jun,2,Tuesday
2026-06-03,2026,Q2,6,June,Jun,3,Wednesday
2026-06-04,2026,Q2,6,June,Jun,4,Thursday
2026-06-05,2026,Q2,6,June,Jun,5,Friday
2026-06-06,2026,Q2,6,June,Jun,6,Saturday
2026-06-07,2026,Q2,6,June,Jun,7,Sunday
2026-06-08,2026,Q2,6,June,Jun,8,Monday
2026-06-09,2026,Q2,6,June,Jun,9,Tuesday
2026-06-10,2026,Q2,6,June,Jun,10,Wednesday
2026-06-11,2026,Q2,6,June,Jun,11,Thursday
2026-06-12,2026,Q2,6,June,Jun,12,Friday
2026-06-13,2026,Q2,6,June,Jun,13,Saturday
2026-06-14,2026,Q2,6,June,Jun,14,Sunday
2026-06-15,2026,Q2,6,June,Jun,15,Monday
2026-06-16,2026,Q2,6,June,Jun,16,Tuesday
2026-06-17,2026,Q2,6,June,Jun,17,Wednesday
2026-06-18,2026,Q2,6,June,Jun,18,Thursday
2026-06-19,2026,Q2,6,June,Jun,19,Friday
2026-06-20,2026,Q2,6,June,Jun,20,Saturday
2026-06-21,2026,Q2,6,June,Jun,21,Sunday
2026-06-22,2026,Q2,6,June,Jun,22,Monday
2026-06-23,2026,Q2,6,June,Jun,23,Tuesday
2026-06-24,2026,Q2,6,June,Jun,24,Wednesday
2026-06-25,2026,Q2,6,June,Jun,25,Thursday
2026-06-26,2026,Q2,6,June,Jun,26,Friday
2026-06-27,2026,Q2,6,June,Jun,27,Saturday
2026-06-28,2026,Q2,6,June,Jun,28,Sunday
2026-06-29,2026,Q2,6,June,Jun,29,Monday
2026-06-30,2026,Q2,6,June,Jun,30,Tuesday
2026-07-01,2026,Q3,7,July,Jul,1,Wednesday
2026-07-02,2026,Q3,7,July,Jul,2,Thursday
2026-07-03,2026,Q3,7,July,Jul,3,Friday
2026-07-04,2026,Q3,7,July,Jul,4,Saturday
2026-07-05,2026,Q3,7,July,Jul,5,Sunday
2026-07-06,2026,Q3,7,July,Jul,6,Monday
2026-07-07,2026,Q3,7,July,Jul,7,Tuesday
2026-07-08,2026,Q3,7,July,Jul,8,Wednesday
2026-07-09,2026,Q3,7,July,Jul,9,Thursday
2026-07-10,2026,Q3,7,July,Jul,10,Friday
2026-07-11,2026,Q3,7,July,Jul,11,Saturday
2026-07-12,2026,Q3,7,July,Jul,12,Sunday
2026-07-13,2026,Q3,7,July,Jul,13,Monday
2026-07-14,2026,Q3,7,July,Jul,14,Tuesday
2026-07-15,2026,Q3,7,July,Jul,15,Wednesday
2026-07-16,2026,Q3,7,July,Jul,16,Thursday
2026-07-17,2026,Q3,7,July,Jul,17,Friday
2026-07-18,2026,Q3,7,July,Jul,18,Saturday
2026-07-19,2026,Q3,7,July,Jul,19,Sunday
2026-07-20,2026,Q3,7,July,Jul,20,Monday
2026-07-21,2026,Q3,7,July,Jul,21,Tuesday
2026-07-22,2026,Q3,7,July,Jul,22,Wednesday
2026-07-23,2026,Q3,7,July,Jul,23,Thursday
2026-07-24,2026,Q3,7,July,Jul,24,Friday
2026-07-25,2026,Q3,7,July,Jul,25,Saturday
2026-07-26,2026,Q3,7,July,Jul,26,Sunday
2026-07-27,2026,Q3,7,July,Jul,27,Monday
2026-07-28,2026,Q3,7,July,Jul,28,Tuesday
2026-07-29,2026,Q3,7,July,Jul,29,Wednesday
2026-07-30,2026,Q3,7,July,Jul,30,Thursday
2026-07-31,2026,Q3,7,July,Jul,31,Friday
2026-08-01,2026,Q3,8,August,Aug,1,Saturday
2026-08-02,2026,Q3,8,August,Aug,2,Sunday
2026-08-03,2026,Q3,8,August,Aug,3,Monday
2026-08-04,2026,Q3,8,August,Aug,4,Tuesday
2026-08-05,2026,Q3,8,August,Aug,5,Wednesday
2026-08-06,2026,Q3,8,August,Aug,6,Thursday
2026-08-07,2026,Q3,8,August,Aug,7,Friday
2026-08-08,2026,Q3,8,August,Aug,8,Saturday
2026-08-09,2026,Q3,8,August,Aug,9,Sunday
2026-08-10,2026,Q3,8,August,Aug,10,Monday
2026-08-11,2026,Q3,8,August,Aug,11,Tuesday
2026-08-12,2026,Q3,8,August,Aug,12,Wednesday
2026-08-13,2026,Q3,8,August,Aug,13,Thursday
2026-08-14,2026,Q3,8,August,Aug,14,Friday
2026-08-15,2026,Q3,8,August,Aug,15,Saturday
2026-08-16,2026,Q3,8,August,Aug,16,Sunday
2026-08-17,2026,Q3,8,August,Aug,17,Monday
2026-08-18,2026,Q3,8,August,Aug,18,Tuesday
2026-08-19,2026,Q3,8,August,Aug,19,Wednesday
2026-08-20,2026,Q3,8,August,Aug,20,Thursday
2026-08-21,2026,Q3,8,August,Aug,21,Friday
2026-08-22,2026,Q3,8,August,Aug,22,Saturday
2026-08-23,2026,Q3,8,August,Aug,23,Sunday
2026-08-24,2026,Q3,8,August,Aug,24,Monday
2026-08-25,2026,Q3,8,August,Aug,25,Tuesday
2026-08-26,2026,Q3,8,August,Aug,26,Wednesday
2026-08-27,2026,Q3,8,August,Aug,27,Thursday
2026-08-28,2026,Q3,8,August,Aug,28,Friday
2026-08-29,2026,Q3,8,August,Aug,29,Saturday
2026-08-30,2026,Q3,8,August,Aug,30,Sunday
2026-08-31,2026,Q3,8,August,Aug,31,Monday
