CustomerKey,CustomerSegment,AgeGroup
1,Consumer,18-24
2,Consumer,25-34
3,Enterprise,35-44
4,Consumer,55+
5,Consumer,45-54
6,Enterprise,45-54
7,Consumer,35-44
8,Consumer,18-24
9,Consumer,25-34
10,Consumer,55+
11,Consumer,18-24
12,Enterprise,55+
13,Consumer,45-54
14,Enterprise,25-34
15,Consumer,45-54
16,Consumer,55+
17,Consumer,18-24
18,Consumer,18-24
19,Enterprise,45-54
20,Consumer,55+
21,Consumer,18-24
22,Consumer,45-54
23,Enterprise,18-24
24,Enterprise,45-54
25,Consumer,45-54
26,Consumer,18-24
27,Consumer,45-54
28,Consumer,55+
29,Consumer,55+
30,Consumer,18-24
31,Consumer,25-34
32,Enterprise,25-34
33,Consumer,35-44
34,Consumer,18-24
35,Consumer,55+
36,Consumer,45-54
37,Consumer,55+
38,Consumer,18-24
39,Consumer,18-24
40,Consumer,55+
41,Consumer,25-34
42,Enterprise,45-54
43,Consumer,55+
44,Consumer,18-24
45,Enterprise,18-24
46,Enterprise,18-24
47,Consumer,18-24
48,Consumer,18-24
49,Consumer,55+
50,Consumer,45-54
51,Consumer,55+
52,Consumer,55+
53,Consumer,55+
54,Consumer,25-34
55,Consumer,25-34
56,Consumer,55+
57,Consumer,25-34
58,Consumer,18-24
59,Consumer,45-54
60,Consumer,55+
61,Consumer,55+
62,Consumer,55+
63,Consumer,18-24
64,Consumer,45-54
65,Consumer,55+
66,Consumer,45-54
67,Consumer,55+
68,Consumer,55+
69,Consumer,35-44
70,Consumer,18-24
71,Consumer,35-44
72,Consumer,25-34
73,Enterprise,18-24
74,Consumer,18-24
75,Consumer,45-54
76,Consumer,35-44
77,Consumer,35-44
78,Consumer,45-54
79,Consumer,35-44
80,Consumer,45-54
81,Consumer,18-24
82,Consumer,55+
83,Enterprise,35-44
84,Consumer,18-24
85,Consumer,55+
86,Consumer,45-54
87,Consumer,18-24
88,Consumer,18-24
89,Consumer,18-24
90,Consumer,25-34
91,Consumer,18-24
92,Consumer,45-54
93,Consumer,35-44
94,Consumer,55+
95,Consumer,45-54
96,Consumer,45-54
97,Consumer,35-44
98,Consumer,18-24
99,Consumer,18-24
100,Enterprise,45-54
101,Enterprise,18-24
102,Consumer,18-24
103,Consumer,25-34
104,Enterprise,55+
105,Consumer,35-44
106,Consumer,45-54
107,Consumer,35-44
108,Consumer,18-24
109,Consumer,25-34
110,Enterprise,18-24
111,Consumer,45-54
112,Consumer,18-24
113,Consumer,25-34
114,Consumer,55+
115,Consumer,35-44
116,Enterprise,35-44
117,Consumer,35-44
118,Consumer,45-54
119,Consumer,25-34
120,Consumer,45-54
121,Consumer,55+
122,Consumer,35-44
123,Consumer,35-44
124,Consumer,18-24
125,Consumer,25-34
126,Consumer,55+
127,Consumer,35-44
128,Consumer,25-34
129,Consumer,35-44
130,Consumer,35-44
131,Consumer,35-44
132,Enterprise,45-54
133,Consumer,25-34
134,Consumer,45-54
135,Consumer,35-44
136,Consumer,55+
137,Enterprise,18-24
138,Consumer,18-24
139,Consumer,35-44
140,Consumer,35-44
141,Consumer,45-54
142,Consumer,35-44
143,Enterprise,55+
144,Consumer,35-44
145,Consumer,18-24
146,Consumer,18-24
147,Consumer,55+
148,Consumer,18-24
149,Consumer,55+
150,Consumer,25-34
151,Enterprise,18-24
152,Enterprise,25-34
153,Consumer,45-54
154,Consumer,35-44
155,Consumer,45-54
156,Consumer,45-54
157,Consumer,35-44
158,Consumer,45-54
159,Consumer,55+
160,Consumer,35-44
161,Consumer,18-24
162,Enterprise,35-44
163,Consumer,55+
164,Consumer,25-34
165,Consumer,55+
166,Consumer,35-44
167,Enterprise,45-54
168,Enterprise,25-34
169,Consumer,55+
170,Enterprise,18-24
171,Consumer,25-34
172,Consumer,35-44
173,Consumer,35-44
174,Enterprise,35-44
175,Consumer,18-24
176,Consumer,25-34
177,Consumer,18-24
178,Enterprise,35-44
179,Enterprise,25-34
180,Consumer,35-44
181,Enterprise,35-44
182,Enterprise,45-54
183,Consumer,35-44
184,Consumer,45-54
185,Consumer,35-44
186,Consumer,45-54
187,Consumer,45-54
188,Consumer,25-34
189,Consumer,25-34
190,Consumer,45-54
191,Enterprise,25-34
192,Consumer,35-44
193,Consumer,18-24
194,Enterprise,35-44
195,Consumer,35-44
196,Consumer,45-54
197,Consumer,35-44
198,Enterprise,25-34
199,Consumer,55+
200,Consumer,35-44
201,Consumer,55+
202,Enterprise,45-54
203,Consumer,35-44
204,Consumer,55+
205,Consumer,18-24
206,Consumer,55+
207,Consumer,55+
208,Consumer,35-44
209,Consumer,45-54
210,Consumer,35-44
211,Consumer,25-34
212,Consumer,45-54
213,Consumer,25-34
214,Enterprise,25-34
215,Consumer,35-44
216,Consumer,55+
217,Consumer,25-34
218,Consumer,35-44
219,Enterprise,18-24
220,Consumer,18-24
221,Consumer,18-24
222,Consumer,18-24
223,Consumer,55+
224,Enterprise,55+
225,Consumer,55+
226,Enterprise,18-24
227,Consumer,18-24
228,Consumer,25-34
229,Consumer,35-44
230,Consumer,25-34
231,Consumer,35-44
232,Consumer,18-24
233,Enterprise,45-54
234,Consumer,25-34
235,Enterprise,18-24
236,Enterprise,45-54
237,Consumer,55+
238,Consumer,18-24
239,Consumer,35-44
240,Consumer,55+
241,Enterprise,45-54
242,Consumer,55+
243,Consumer,35-44
244,Consumer,25-34
245,Consumer,45-54
246,Enterprise,18-24
247,Consumer,25-34
248,Consumer,45-54
249,Consumer,45-54
250,Consumer,18-24
251,Consumer,35-44
252,Enterprise,25-34
253,Consumer,35-44
254,Consumer,55+
255,Consumer,18-24
256,Consumer,55+
257,Enterprise,35-44
258,Consumer,45-54
259,Consumer,35-44
260,Consumer,25-34
261,Consumer,45-54
262,Enterprise,45-54
263,Consumer,18-24
264,Consumer,45-54
265,Enterprise,45-54
266,Consumer,25-34
267,Consumer,55+
268,Consumer,45-54
269,Consumer,25-34
270,Consumer,18-24
271,Consumer,45-54
272,Consumer,25-34
273,Consumer,45-54
274,Consumer,35-44
275,Consumer,35-44
276,Consumer,18-24
277,Consumer,45-54
278,Consumer,18-24
279,Enterprise,35-44
280,Enterprise,55+
281,Consumer,55+
282,Consumer,55+
283,Consumer,55+
284,Consumer,35-44
285,Consumer,25-34
286,Consumer,55+
287,Consumer,55+
288,Consumer,55+
289,Consumer,45-54
290,Consumer,18-24
291,Enterprise,35-44
292,Consumer,35-44
293,Enterprise,55+
294,Consumer,25-34
295,Enterprise,25-34
296,Enterprise,18-24
297,Enterprise,55+
298,Enterprise,45-54
299,Consumer,18-24
300,Consumer,35-44
301,Consumer,35-44
302,Consumer,35-44
303,Consumer,55+
304,Consumer,18-24
305,Enterprise,25-34
306,Consumer,18-24
307,Consumer,25-34
308,Consumer,55+
309,Consumer,55+
310,Consumer,18-24
311,Consumer,45-54
312,Consumer,25-34
313,Consumer,18-24
314,Consumer,25-34
315,Consumer,18-24
316,Consumer,35-44
317,Consumer,55+
318,Consumer,35-44
319,Consumer,45-54
320,Enterprise,35-44
321,Enterprise,18-24
322,Consumer,18-24
323,Consumer,25-34
324,Consumer,25-34
325,Enterprise,55+
326,Consumer,55+
327,Enterprise,55+
328,Consumer,45-54
329,Consumer,35-44
330,Consumer,45-54
331,Consumer,35-44
332,Consumer,45-54
333,Consumer,45-54
334,Enterprise,45-54
335,Consumer,45-54
336,Consumer,18-24
337,Consumer,45-54
338,Consumer,25-34
339,Consumer,45-54
340,Enterprise,35-44
341,Consumer,55+
342,Enterprise,25-34
343,Enterprise,55+
344,Consumer,55+
345,Consumer,25-34
346,Consumer,35-44
347,Enterprise,35-44
348,Consumer,45-54
349,Consumer,45-54
350,Consumer,55+
351,Consumer,25-34
352,Consumer,35-44
353,Consumer,35-44
354,Consumer,55+
355,Consumer,25-34
356,Consumer,35-44
357,Consumer,18-24
358,Consumer,55+
359,Consumer,25-34
360,Consumer,25-34
361,Enterprise,35-44
362,Consumer,35-44
363,Consumer,55+
364,Consumer,35-44
365,Consumer,35-44
366,Consumer,18-24
367,Consumer,18-24
368,Consumer,25-34
369,Consumer,55+
370,Enterprise,55+
371,Consumer,45-54
372,Consumer,45-54
373,Consumer,25-34
374,Consumer,18-24
375,Consumer,18-24
376,Consumer,25-34
377,Enterprise,25-34
378,Consumer,18-24
379,Consumer,25-34
380,Consumer,18-24
381,Consumer,45-54
382,Enterprise,55+
383,Consumer,45-54
384,Consumer,35-44
385,Consumer,35-44
386,Enterprise,25-34
387,Consumer,18-24
388,Enterprise,35-44
389,Consumer,35-44
390,Enterprise,18-24
391,Consumer,35-44
392,Consumer,25-34
393,Consumer,18-24
394,Consumer,45-54
395,Consumer,35-44
396,Consumer,45-54
397,Enterprise,45-54
398,Consumer,55+
399,Consumer,55+
400,Consumer,45-54
